pair_id,cluster1,cluster_margin,cluster_size,prefilter_member,prefilter_size,prefilter_cluster_size,selection_rank
Trajectories/2022-02-04/148_RR220204A_480C_1804.bmp || Trajectories/2022-04-11/313_RR220411A_839C_1856.bmp,18,0.04660620912909508,6,True,100,6,
Trajectories/2022-02-04/239_RR220204A_720C_1910.bmp || Trajectories/2022-04-11/154_RR220411A_696C_1624.bmp,9,0.056503888219594955,18,True,100,18,
Trajectories/2022-02-06/124_RR220206A_894C_1924.bmp || Trajectories/2022-02-06/253_RR220206A_599C_2217.bmp,3,0.15785358846187592,5,True,100,5,
Trajectories/2022-02-04/262_RR220204A_793C_1932.bmp || Trajectories/2022-04-11/359_RR220411A_675C_1926.bmp,16,0.14960752427577972,3,True,100,3,
Trajectories/2022-02-04/385_RR220204A_939C_2340.bmp || Trajectories/2022-02-06/171_RR220206A_1085C_2027.bmp,7,0.2604527473449707,12,False,100,7,
Trajectories/2022-02-06/068_RR220206A_362C_1759.bmp || Trajectories/2022-04-11/075_RR220411A_440C_1519.bmp,7,0.16928377747535706,12,True,100,7,
Trajectories/2022-02-06/265_RR220206A_498C_2232.bmp || Trajectories/2022-04-11/288_RR220411A_904C_1837.bmp,3,0.136192187666893,5,True,100,5,10.0
Trajectories/2022-02-04/013_RR220204A_949C_0119.bmp || Trajectories/2022-02-06/077_RR220206A_461C_1813.bmp,9,0.043343570083379745,18,True,100,18,
Trajectories/2022-04-11/069_RR220411A_428C_1515.bmp || Trajectories/2022-04-11/231_RR220411A_882C_1729.bmp,15,0.22387205064296722,9,True,100,4,
Trajectories/2022-02-06/137_RR220206A_982C_1937.bmp || Trajectories/2022-04-11/191_RR220411A_821C_1704.bmp,15,0.14038650691509247,9,True,100,4,
Trajectories/2022-02-06/215_RR220206A_835C_2123.bmp || Trajectories/2022-04-11/140_RR220411A_647C_1612.bmp,14,0.19532370567321777,5,True,100,4,
Trajectories/2022-02-04/117_RR220204A_445C_1740.bmp || Trajectories/2022-02-06/123_RR220206A_894C_1923.bmp,12,0.031027901917696,5,True,100,5,
Trajectories/2022-02-04/281_RR220204A_806C_2000.bmp || Trajectories/2022-04-11/322_RR220411A_818C_1902.bmp,14,0.3134163022041321,5,False,100,4,
Trajectories/2022-02-06/016_RR220206A_165C_1704-03.bmp || Trajectories/2022-04-11/011_RR220411A_219C_1424.bmp,10,0.24699321389198303,5,True,100,4,
Trajectories/2022-02-06/068_RR220206A_362C_1759.bmp || Trajectories/2022-04-11/030_RR220411A_291C_1437.bmp,10,0.2660316526889801,5,False,100,4,
Trajectories/2022-02-04/314_RR220204A_937C_2030.bmp || Trajectories/2022-04-11/081_RR220411A_453C_1523.bmp,6,0.2875966727733612,6,False,100,3,
Trajectories/2022-02-04/184_RR220204A_576C_1826.bmp || Trajectories/2022-04-11/147_RR220411A_671C_1617.bmp,9,0.10524892807006836,18,True,100,18,
Trajectories/2022-04-11/320_RR220411A_824C_1901.bmp || Trajectories/2022-04-11/332_RR220411A_756C_1911.bmp,4,0.014541191048920155,4,True,100,4,5.0
Trajectories/2022-02-04/333_RR220204A_939C_2059.bmp || Trajectories/2022-02-04/342_RR220204A_941C_2115.bmp,17,0.0553642101585865,7,True,100,7,
Trajectories/2022-02-06/141_RR220206A_995C_1942.bmp || Trajectories/2022-04-11/129_RR220411A_590C_1601.bmp,7,0.1399320363998413,12,True,100,7,
Trajectories/2022-02-04/124_RR220204A_444C_1748.bmp || Trajectories/2022-04-11/330_RR220411A_762C_1910.bmp,18,0.06381756067276001,6,True,100,6,
Trajectories/2022-02-04/049_RR220204A_218C_0201.bmp || Trajectories/2022-02-04/307_RR220204A_912C_2025.bmp,2,0.35399961471557617,4,False,100,0,
Trajectories/2022-04-11/036_RR220411A_313C_1443.bmp || Trajectories/2022-04-11/072_RR220411A_429C_1516.bmp,8,0.10097892582416534,5,True,100,5,
Trajectories/2022-04-11/063_RR220411A_402C_1510.bmp || Trajectories/2022-04-11/268_RR220411A_952C_1801.bmp,7,0.23103216290473938,12,True,100,7,
Trajectories/2022-02-04/205_RR220204A_642C_1839-02.bmp || Trajectories/2022-02-04/337_RR220204A_938C_2106.bmp,11,0.0451018288731575,9,True,100,9,
Trajectories/2022-02-04/266_RR220204A_783C_1938.bmp || Trajectories/2022-02-04/356_RR220204A_949C_2144.bmp,8,0.16483788192272186,5,True,100,5,
Trajectories/2022-02-04/385_RR220204A_939C_2340.bmp || Trajectories/2022-04-11/237_RR220411A_901C_1735.bmp,11,0.03103150799870491,9,True,100,9,
Trajectories/2022-02-04/235_RR220204A_725C_1905.bmp || Trajectories/2022-02-06/068_RR220206A_362C_1759.bmp,9,0.035729940980672836,18,True,100,18,
Trajectories/2022-02-04/097_RR220204A_405C_1727.bmp || Trajectories/2022-04-11/383_RR220411A_597C_1941.bmp,18,0.07335902750492096,6,True,100,6,
Trajectories/2022-04-11/138_RR220411A_635C_1610.bmp || Trajectories/2022-04-11/186_RR220411A_805C_1658.bmp,0,0.019552016630768776,4,True,100,4,4.0
Trajectories/2022-02-06/206_RR220206A_875C_2113.bmp || Trajectories/2022-04-11/338_RR220411A_734C_1915.bmp,5,0.24352934956550598,4,True,100,4,
Trajectories/2022-02-04/174_RR220204A_527C_1818.bmp || Trajectories/2022-04-11/164_RR220411A_724C_1635.bmp,9,0.11616478115320206,18,True,100,18,
Trajectories/2022-04-11/001_RR220411A_180C_1417-01.bmp || Trajectories/2022-04-11/321_RR220411A_823C_1901.bmp,7,0.30151042342185974,12,False,100,7,
Trajectories/2022-02-04/019_RR220204A_981C_0126-01.bmp || Trajectories/2022-04-11/035_RR220411A_314C_1442.bmp,8,0.1986892968416214,5,True,100,5,
Trajectories/2022-02-06/104_RR220206A_734C_1847.bmp || Trajectories/2022-02-06/207_RR220206A_875C_2114.bmp,10,0.1244356632232666,5,True,100,4,
Trajectories/2022-04-11/111_RR220411A_536C_1546.bmp || Trajectories/2022-04-11/175_RR220411A_765C_1645.bmp,0,0.027432341128587723,4,True,100,4,
Trajectories/2022-02-04/139_RR220204A_470C_1758.bmp || Trajectories/2022-04-11/372_RR220411A_636C_1935.bmp,18,0.07271353900432587,6,True,100,6,
Trajectories/2022-04-11/343_RR220411A_722C_1918.bmp || Trajectories/2022-04-11/374_RR220411A_625C_1937.bmp,4,0.01466632541269064,4,True,100,4,
Trajectories/2022-02-06/273_RR220206A_423C_2243.bmp || Trajectories/2022-04-11/093_RR220411A_482C_1531.bmp,14,0.03851328417658806,5,True,100,4,8.0
Trajectories/2022-02-06/203_RR220206A_876C_2110-01.bmp || Trajectories/2022-04-11/394_RR220411A_546C_1946.bmp,5,0.24139845371246338,4,True,100,4,
Trajectories/2022-02-04/378_RR220204A_938C_2312.bmp || Trajectories/2022-02-06/229_RR220206A_766C_2141.bmp,15,0.2542859613895416,9,False,100,4,
Trajectories/2022-02-06/037_RR220206A_165C_1722.bmp || Trajectories/2022-04-11/219_RR220411A_865C_1720.bmp,9,0.07591263949871063,18,True,100,18,
Trajectories/2022-02-06/095_RR220206A_614C_1835.bmp || Trajectories/2022-02-06/247_RR220206A_657C_2207.bmp,14,0.06285878270864487,5,True,100,4,
Trajectories/2022-04-11/076_RR220411A_442C_1520.bmp || Trajectories/2022-04-11/387_RR220411A_578C_1943.bmp,5,0.19236455857753754,4,True,100,4,6.0
Trajectories/2022-02-06/102_RR220206A_698C_1845.bmp || Trajectories/2022-04-11/183_RR220411A_794C_1655.bmp,0,0.10815956443548203,4,True,100,4,
Trajectories/2022-02-06/189_RR220206A_971C_2054-01.bmp || Trajectories/2022-04-11/286_RR220411A_906C_1837.bmp,7,0.2511052191257477,12,False,100,7,
Trajectories/2022-02-04/320_RR220204A_915C_2039.bmp || Trajectories/2022-02-06/282_RR220206A_184C_2256.bmp,3,0.15665069222450256,5,True,100,5,
Trajectories/2022-02-04/221_RR220204A_666C_1854.bmp || Trajectories/2022-02-04/339_RR220204A_938C_2110.bmp,17,0.0409877710044384,7,True,100,7,
Trajectories/2022-02-04/076_RR220204A_299C_1713.bmp || Trajectories/2022-02-04/080_RR220204A_301C_1718.bmp,12,0.001432782388292253,5,True,100,5,
Trajectories/2022-02-06/080_RR220206A_490C_1816.bmp || Trajectories/2022-04-11/234_RR220411A_888C_1732.bmp,9,0.11060553044080734,18,True,100,18,
Trajectories/2022-02-04/263_RR220204A_793C_1934.bmp || Trajectories/2022-04-11/042_RR220411A_331C_1448.bmp,8,0.1895652413368225,5,True,100,5,
Trajectories/2022-02-04/024_RR220204A_927C_0130.bmp || Trajectories/2022-02-04/261_RR220204A_790C_1930.bmp,15,0.05139205604791641,9,True,100,4,9.0
Trajectories/2022-02-04/295_RR220204A_882C_2015.bmp || Trajectories/2022-02-04/332_RR220204A_941C_2057.bmp,2,0.3663361966609955,4,False,100,0,
Trajectories/2022-02-06/273_RR220206A_423C_2243.bmp || Trajectories/2022-04-11/379_RR220411A_614C_1940.bmp,16,0.14220798015594482,3,True,100,3,3.0
Trajectories/2022-02-04/309_RR220204A_911C_2027.bmp || Trajectories/2022-02-04/361_RR220204A_947C_2156.bmp,6,0.056884199380874634,6,True,100,3,2.0
Trajectories/2022-02-04/126_RR220204A_443C_1750.bmp || Trajectories/2022-04-11/213_RR220411A_857C_1715.bmp,11,0.05279489979147911,9,True,100,9,
Trajectories/2022-02-04/300_RR220204A_881C_2018.bmp || Trajectories/2022-02-06/195_RR220206A_944C_2101.bmp,6,0.2038968801498413,6,True,100,3,
Trajectories/2022-02-06/234_RR220206A_738C_2148.bmp || Trajectories/2022-04-11/375_RR220411A_617C_1938.bmp,5,0.22443155944347382,4,True,100,4,
Trajectories/2022-02-04/152_RR220204A_488C_1805-02.bmp || Trajectories/2022-04-11/173_RR220411A_755C_1643.bmp,9,0.1209297925233841,18,True,100,18,
Trajectories/2022-02-04/159_RR220204A_501C_1809-01.bmp || Trajectories/2022-04-11/100_RR220411A_492C_1537.bmp,9,0.14877210557460785,18,True,100,18,
Trajectories/2022-02-06/180_RR220206A_1031C_2041.bmp || Trajectories/2022-04-11/277_RR220411A_936C_1828.bmp,7,0.24529507756233215,12,True,100,7,
Trajectories/2022-02-04/156_RR220204A_490C_1808.bmp || Trajectories/2022-02-04/383_RR220204A_937C_2331.bmp,11,0.04078633710741997,9,True,100,9,
Trajectories/2022-02-06/048_RR220206A_175C_1736.bmp || Trajectories/2022-04-11/189_RR220411A_822C_1703.bmp,9,0.027151329442858696,18,True,100,18,
Trajectories/2022-02-04/294_RR220204A_843C_2014.bmp || Trajectories/2022-02-06/140_RR220206A_993C_1941.bmp,6,0.2590930461883545,6,False,100,3,
Trajectories/2022-02-04/194_RR220204A_610C_1832.bmp || Trajectories/2022-02-06/119_RR220206A_871C_1918.bmp,1,0.05122726038098335,3,True,100,3,1.0
Trajectories/2022-04-11/246_RR220411A_915C_1741.bmp || Trajectories/2022-04-11/258_RR220411A_932C_1751.bmp,11,0.0026619434356689453,9,True,100,9,
Trajectories/2022-02-04/160_RR220204A_501C_1809-02.bmp || Trajectories/2022-02-04/161_RR220204A_504C_1810.bmp,12,0.0014019489753991365,5,True,100,5,
Trajectories/2022-02-04/037_RR220204A_579C_0146.bmp || Trajectories/2022-02-04/074_RR220204A_297C_1711.bmp,12,0.023920459672808647,5,True,100,5,
Trajectories/2022-02-06/058_RR220206A_249C_1745.bmp || Trajectories/2022-04-11/178_RR220411A_774C_1649.bmp,9,0.039576269686222076,18,True,100,18,
Trajectories/2022-02-06/129_RR220206A_912C_1929.bmp || Trajectories/2022-04-11/217_RR220411A_857C_1718.bmp,11,0.030124826356768608,9,True,100,9,
Trajectories/2022-02-06/057_RR220206A_249C_1744.bmp || Trajectories/2022-02-06/154_RR220206A_1092C_2003-02.bmp,7,0.23360002040863037,12,True,100,7,
Trajectories/2022-02-04/029_RR220204A_808C_0135.bmp || Trajectories/2022-02-04/242_RR220204A_720C_1911.bmp,1,0.0605069063603878,3,True,100,3,
Trajectories/2022-02-04/131_RR220204A_466C_1754.bmp || Trajectories/2022-04-11/204_RR220411A_851C_1712.bmp,11,0.061588820070028305,9,True,100,9,
Trajectories/2022-02-04/341_RR220204A_937C_2114.bmp || Trajectories/2022-02-06/163_RR220206A_1105C_2015.bmp,7,0.22498340904712677,12,True,100,7,
Trajectories/2022-02-04/106_RR220204A_430C_1736.bmp || Trajectories/2022-02-04/347_RR220204A_954C_2124.bmp,17,0.16540804505348206,7,True,100,7,
Trajectories/2022-02-04/296_RR220204A_869C_2015.bmp || Trajectories/2022-04-11/009_RR220411A_206C_1423.bmp,6,0.1308695524930954,6,True,100,3,
Trajectories/2022-02-04/020_RR220204A_981C_0126-02.bmp || Trajectories/2022-02-04/133_RR220204A_467C_1754-01.bmp,17,0.165893092751503,7,True,100,7,
Trajectories/2022-02-04/048_RR220204A_245C_0201.bmp || Trajectories/2022-04-11/183_RR220411A_794C_1655.bmp,9,0.04335073381662369,18,True,100,18,
Trajectories/2022-02-04/164_RR220204A_507C_1811.bmp || Trajectories/2022-02-06/074_RR220206A_430C_1809.bmp,1,0.10685136169195175,3,True,100,3,
Trajectories/2022-02-04/319_RR220204A_918C_2037.bmp || Trajectories/2022-02-04/354_RR220204A_951C_2141.bmp,7,0.2534080445766449,12,False,100,7,
Trajectories/2022-02-04/253_RR220204A_782C_1923.bmp || Trajectories/2022-02-06/262_RR220206A_540C_2228.bmp,7,0.06482136994600296,12,True,100,7,
Trajectories/2022-02-04/069_RR220204A_293C_1706.bmp || Trajectories/2022-02-06/147_RR220206A_1024C_1953.bmp,15,0.28124290704727173,9,False,100,4,
Trajectories/2022-02-04/334_RR220204A_939C_2101.bmp || Trajectories/2022-04-11/386_RR220411A_580C_1943.bmp,13,0.09073301404714584,5,True,100,5,
Trajectories/2022-02-04/115_RR220204A_441C_1738.bmp || Trajectories/2022-02-06/152_RR220206A_1077C_2001-02.bmp,15,0.28625693917274475,9,False,100,4,
Trajectories/2022-02-06/097_RR220206A_654C_1837.bmp || Trajectories/2022-04-11/067_RR220411A_416C_1513-02.bmp,10,0.10154493153095245,5,True,100,4,7.0
Trajectories/2022-02-04/034_RR220204A_655C_0142.bmp || Trajectories/2022-02-06/272_RR220206A_424C_2242.bmp,3,0.17810671031475067,5,True,100,5,
Trajectories/2022-02-04/219_RR220204A_668C_1852.bmp || Trajectories/2022-02-06/191_RR220206A_960C_2056.bmp,15,0.2581596374511719,9,False,100,4,
Trajectories/2022-02-04/307_RR220204A_912C_2025.bmp || Trajectories/2022-04-11/386_RR220411A_580C_1943.bmp,19,0.3652705252170563,1,False,100,0,
Trajectories/2022-02-04/317_RR220204A_935C_2033.bmp || Trajectories/2022-02-06/250_RR220206A_621C_2212.bmp,6,0.30122238397598267,6,False,100,3,
Trajectories/2022-02-04/085_RR220204A_378C_1720.bmp || Trajectories/2022-02-04/328_RR220204A_946C_2053.bmp,11,0.05589376017451286,9,True,100,9,
Trajectories/2022-02-04/338_RR220204A_940C_2108.bmp || Trajectories/2022-04-11/354_RR220411A_693C_1924.bmp,13,0.09883799403905869,5,True,100,5,
Trajectories/2022-04-11/108_RR220411A_507C_1543.bmp || Trajectories/2022-04-11/379_RR220411A_614C_1940.bmp,16,0.14634259045124054,3,True,100,3,
Trajectories/2022-04-11/238_RR220411A_905C_1736.bmp || Trajectories/2022-04-11/319_RR220411A_828C_1900.bmp,18,0.029259150847792625,6,True,100,6,
Trajectories/2022-02-04/303_RR220204A_917C_2021.bmp || Trajectories/2022-04-11/226_RR220411A_873C_1725.bmp,2,0.3724949359893799,4,False,100,0,
Trajectories/2022-04-11/397_RR220411A_528C_1948.bmp || Trajectories/2022-04-11/443_RR220411A_303C_2007.bmp,4,0.02556448057293892,4,True,100,4,
Trajectories/2022-02-04/133_RR220204A_467C_1754-01.bmp || Trajectories/2022-04-11/088_RR220411A_459C_1527.bmp,3,0.1987919807434082,5,True,100,5,
Trajectories/2022-04-11/183_RR220411A_794C_1655.bmp || Trajectories/2022-04-11/226_RR220411A_873C_1725.bmp,9,0.07811661064624786,18,True,100,18,
Trajectories/2022-02-04/305_RR220204A_915C_2023.bmp || Trajectories/2022-02-04/335_RR220204A_940C_2102.bmp,2,0.3623438775539398,4,False,100,0,
Trajectories/2022-04-11/141_RR220411A_656C_1613.bmp || Trajectories/2022-04-11/203_RR220411A_843C_1711-03.bmp,9,0.06944026798009872,18,True,100,18,
Trajectories/2022-02-04/139_RR220204A_470C_1758.bmp || Trajectories/2022-04-11/094_RR220411A_484C_1532.bmp,9,0.17097091674804688,18,True,100,18,
Trajectories/2022-02-04/003_RR220204A_932C_0017.bmp || Trajectories/2022-04-11/439_RR220411A_330C_2005.bmp,13,0.14118324220180511,5,True,100,5,
Trajectories/2022-02-04/230_RR220204A_695C_1902.bmp || Trajectories/2022-02-06/074_RR220206A_430C_1809.bmp,9,0.06063506752252579,18,True,100,18,
Trajectories/2022-04-11/008_RR220411A_193C_1422.bmp || Trajectories/2022-04-11/093_RR220411A_482C_1531.bmp,8,0.20167341828346252,5,True,100,5,
Trajectories/2022-02-06/090_RR220206A_568C_1828.bmp || Trajectories/2022-04-11/149_RR220411A_676C_1619.bmp,0,0.07488753646612167,4,True,100,4,
Trajectories/2022-02-04/189_RR220204A_578C_1830.bmp || Trajectories/2022-02-04/341_RR220204A_937C_2114.bmp,17,0.0776093602180481,7,True,100,7,
Trajectories/2022-02-06/049_RR220206A_205C_1737.bmp || Trajectories/2022-04-11/356_RR220411A_685C_1925.bmp,13,0.10133712738752365,5,True,100,5,
Trajectories/2022-04-11/227_RR220411A_877C_1726.bmp || Trajectories/2022-04-11/323_RR220411A_816C_1903.bmp,18,0.03374190255999565,6,True,100,6,
Trajectories/2022-02-04/170_RR220204A_536C_1818.bmp || Trajectories/2022-02-06/230_RR220206A_767C_2143.bmp,15,0.2578389346599579,9,False,100,4,
Trajectories/2022-02-06/241_RR220206A_692C_2157.bmp || Trajectories/2022-04-11/201_RR220411A_843C_1711-01.bmp,15,0.201338991522789,9,True,100,4,
Trajectories/2022-04-11/323_RR220411A_816C_1903.bmp || Trajectories/2022-04-11/366_RR220411A_654C_1930.bmp,4,0.021385425701737404,4,True,100,4,
Trajectories/2022-04-11/047_RR220411A_350C_1454.bmp || Trajectories/2022-04-11/186_RR220411A_805C_1658.bmp,14,0.2485034018754959,5,True,100,4,
Trajectories/2022-02-06/163_RR220206A_1105C_2015.bmp || Trajectories/2022-02-06/249_RR220206A_638C_2210.bmp,10,0.1257973462343216,5,True,100,4,
Trajectories/2022-02-04/194_RR220204A_610C_1832.bmp || Trajectories/2022-04-11/163_RR220411A_715C_1634.bmp,9,0.09718060493469238,18,True,100,18,
Trajectories/2022-02-04/188_RR220204A_579C_1829.bmp || Trajectories/2022-04-11/113_RR220411A_539C_1548.bmp,9,0.10770656913518906,18,True,100,18,
Trajectories/2022-02-04/085_RR220204A_378C_1720.bmp || Trajectories/2022-02-04/134_RR220204A_467C_1754-02.bmp,12,0.0031121731735765934,5,True,100,5,
Trajectories/2022-02-04/021_RR220204A_981C_0126-03.bmp || Trajectories/2022-04-11/225_RR220411A_873C_1724.bmp,17,0.1312365084886551,7,True,100,7,
Trajectories/2022-02-04/022_RR220204A_981C_0127.bmp || Trajectories/2022-02-04/114_RR220204A_440C_1738.bmp,17,0.17706111073493958,7,True,100,7,
Trajectories/2022-02-06/055_RR220206A_239C_1742.bmp || Trajectories/2022-04-11/409_RR220411A_474C_1953.bmp,13,0.12613382935523987,5,True,100,5,
Trajectories/2022-04-11/013_RR220411A_223C_1424.bmp || Trajectories/2022-04-11/306_RR220411A_857C_1850.bmp,7,0.3017078638076782,12,False,100,7,
Trajectories/2022-02-04/079_RR220204A_301C_1717.bmp || Trajectories/2022-02-04/329_RR220204A_946C_2054.bmp,11,0.06599154323339462,9,True,100,9,
