condition,metric,budget,family,mean_gain,p,holm_p,n
single,log-loss,10,badge_pairs,-0.023137516507166885,0.30233095708535984,1.0,35
single,log-loss,10,bald_decisive,0.002373829410003978,0.9419905297108926,1.0,35
single,log-loss,10,cluster_margin_pairwise,-0.014860050992338765,0.8397882779827341,1.0,35
single,log-loss,10,cluster_margin_pairwise_lf,-0.01568116733262382,0.4316853189957328,1.0,35
single,log-loss,10,cluster_quota_uncertainty,-0.023453561947972833,0.1226657732622698,1.0,35
single,log-loss,10,cluster_quota_uncertainty_lf,-0.0054708490006399255,0.5222816279274411,1.0,35
single,log-loss,10,core_set,-0.009336810870650615,0.4608543039066717,1.0,35
single,log-loss,10,core_set_relation,-0.007106877515706793,0.7647382524446584,1.0,35
single,log-loss,10,delta_gap,-0.002636360836901703,0.2516415869467892,1.0,35
single,log-loss,10,delta_ucb,-0.009307643933838278,0.36783619777997956,1.0,35
single,log-loss,10,dpp_pairs,-0.04219685400859755,0.0003297168295830488,0.009232071228325367,35
single,log-loss,10,dropquery_pairs,-0.02358369887365286,0.06014359573600814,1.0,35
single,log-loss,10,ensemble_bald,-0.0038632621893234355,0.8524555477779359,1.0,35
single,log-loss,10,ensemble_bald_decisive,-0.0061546248830234695,0.6330176034243777,1.0,35
single,log-loss,10,fass_pairs,-0.026853750087784293,0.019122868834529072,0.45894885202869773,35
single,log-loss,10,fisher_dopt,-0.021769344960794825,0.26549480465473607,1.0,35
single,log-loss,10,graph_facility_location,-0.017614404164057327,0.3765889282221906,1.0,35
single,log-loss,10,graphcut_pairs,-0.011841086028870202,0.5329034825554118,1.0,35
single,log-loss,10,image_coverage_uncertainty,-0.04750826057074365,9.993941057473421e-05,0.002898242906667292,35
single,log-loss,10,laplace_bald,-0.015903238503037154,0.3100773994810879,1.0,35
single,log-loss,10,maxherding_pairs,-0.010235759566320585,0.4808812339906581,1.0,35
single,log-loss,10,mc_dropout_mutual_information,-0.04080095757413753,0.03561751253437251,0.8192027882905677,35
single,log-loss,10,mc_dropout_mutual_information_lf,-0.039530676979457745,0.0010270801139995456,0.02567700284998864,35
single,log-loss,10,mc_dropout_probability_variance,-0.03140455405541438,0.062489338393788785,1.0,35
single,log-loss,10,mc_dropout_probability_variance_lf,-0.05822252983370013,2.374127507209778e-05,0.0007597208023071289,35
single,log-loss,10,probcover_pairs,-0.013257817864088781,0.38546567782759666,1.0,35
single,log-loss,10,typiclust_pairs,-0.005724373431833488,0.6101043444359675,1.0,35
single,log-loss,10,uncertainty,-0.04289948265850676,0.0006810200284235179,0.017706520739011467,35
single,log-loss,10,uncertainty_all_heads,-0.03853231543769123,3.15406359732151e-05,0.0009777597151696682,35
single,log-loss,10,uncertainty_diversity,-0.028594912653305674,0.15352009475464,1.0,35
single,log-loss,10,uncertainty_diversity_lf,-0.03668258180753924,0.00044349912786856294,0.0119744764524512,35
single,log-loss,10,uncertainty_lf,-0.03853231543769123,3.15406359732151e-05,0.0009777597151696682,35
single,log-loss,20,badge_pairs,-0.003417295352823873,0.7401566408807412,1.0,35
single,log-loss,20,bald_decisive,0.007457263932938984,0.7279604331706651,1.0,35
single,log-loss,20,cluster_margin_pairwise,-0.02913670253319439,0.062489338393788785,1.0,35
single,log-loss,20,cluster_margin_pairwise_lf,-0.01684347394579358,0.30233095708535984,1.0,35
single,log-loss,20,cluster_quota_uncertainty,-0.03418443032309252,0.009140860347542912,0.2285215086885728,35
single,log-loss,20,cluster_quota_uncertainty_lf,-0.018152478503757705,0.05352951702661812,1.0,35
single,log-loss,20,core_set,0.009537652035362785,0.40358865744201466,1.0,35
single,log-loss,20,core_set_relation,-0.005828378370605626,0.9291296252049506,1.0,35
single,log-loss,20,delta_gap,-0.012510953494267877,0.342327308608219,1.0,35
single,log-loss,20,delta_ucb,0.001972644564971323,0.9162867379491217,1.0,35
single,log-loss,20,dpp_pairs,-0.04641961071520031,0.016599797061644495,0.3817953324178234,35
single,log-loss,20,dropquery_pairs,-0.047865357476410346,0.006302993337158114,0.16387782676611096,35
single,log-loss,20,ensemble_bald,-0.01231622331534589,0.25850554718635976,1.0,35
single,log-loss,20,ensemble_bald_decisive,-0.0267786261272516,0.062489338393788785,1.0,35
single,log-loss,20,fass_pairs,-0.01772252895448837,0.14879127545282245,1.0,35
single,log-loss,20,fisher_dopt,-0.03571845785231574,0.05352951702661812,1.0,35
single,log-loss,20,graph_facility_location,-0.023984388245465657,0.17355046153534204,1.0,35
single,log-loss,20,graphcut_pairs,-0.004306499258170601,0.9935490260832012,1.0,35
single,log-loss,20,image_coverage_uncertainty,-0.048357022770192055,0.003803181985858828,0.10268591361818835,35
single,log-loss,20,laplace_bald,-0.012420136484199344,0.9162867379491217,1.0,35
single,log-loss,20,maxherding_pairs,-0.002244454284320555,0.4316853189957328,1.0,35
single,log-loss,20,mc_dropout_mutual_information,-0.03288470248020014,0.4708104995661415,1.0,35
single,log-loss,20,mc_dropout_mutual_information_lf,-0.06551897485591508,5.957455141469836e-05,0.0019063856452703476,35
single,log-loss,20,mc_dropout_probability_variance,-0.03179094861346082,0.3765889282221906,1.0,35
single,log-loss,20,mc_dropout_probability_variance_lf,-0.05670017418137629,0.00011811754666268826,0.0034254088532179594,35
single,log-loss,20,probcover_pairs,-0.011761187653189297,0.5117668841849081,1.0,35
single,log-loss,20,typiclust_pairs,0.009335572113536259,0.5013608777662739,1.0,35
single,log-loss,20,uncertainty,-0.04557365322608065,0.0005915096262469888,0.016562269534915686,35
single,log-loss,20,uncertainty_all_heads,-0.05372003113560159,0.00010868412209674716,0.003369207784999162,35
single,log-loss,20,uncertainty_diversity,-0.03276943921072701,0.18425037822453305,1.0,35
single,log-loss,20,uncertainty_diversity_lf,-0.03432502583961464,0.013681406911928207,0.32835376588627696,35
single,log-loss,20,uncertainty_lf,-0.05372003113560159,0.00010868412209674716,0.003369207784999162,35
single,log-loss,40,badge_pairs,0.010725070639434122,0.4708104995661415,1.0,35
single,log-loss,40,bald_decisive,0.029541222010347333,0.17884246999165043,1.0,35
single,log-loss,40,cluster_margin_pairwise,-0.009073683502335256,0.5117668841849081,1.0,35
single,log-loss,40,cluster_margin_pairwise_lf,0.005759733848877,0.5987840640591457,1.0,35
single,log-loss,40,cluster_quota_uncertainty,-0.030585369140776347,0.02749121660599485,0.7972452815738507,35
single,log-loss,40,cluster_quota_uncertainty_lf,0.004198257673096954,1.0,1.0,35
single,log-loss,40,core_set,0.027020732929645658,0.1001846757135354,1.0,35
single,log-loss,40,core_set_relation,0.012490739752854526,0.17355046153534204,1.0,35
single,log-loss,40,delta_gap,0.0019485006920951897,0.8906679842039011,1.0,35
single,log-loss,40,delta_ucb,0.01052206638997526,0.7279604331706651,1.0,35
single,log-loss,40,dpp_pairs,-0.023054187327084606,0.2516415869467892,1.0,35
single,log-loss,40,dropquery_pairs,-0.017106734099864542,0.6101043444359675,1.0,35
single,log-loss,40,ensemble_bald,-0.007741920321720901,0.35070493788225576,1.0,35
single,log-loss,40,ensemble_bald_decisive,-0.01696822588374315,0.11098843696527183,1.0,35
single,log-loss,40,fass_pairs,0.0010541572152189419,0.8906679842039011,1.0,35
single,log-loss,40,fisher_dopt,-0.019265314064069023,0.0902152419439517,1.0,35
single,log-loss,40,graph_facility_location,-0.023602475420877216,0.06014359573600814,1.0,35
single,log-loss,40,graphcut_pairs,0.0030046223443501554,0.9419905297108926,1.0,35
single,log-loss,40,image_coverage_uncertainty,-0.03133313946011785,0.20706038223579526,1.0,35
single,log-loss,40,laplace_bald,0.007489455047391602,0.8397882779827341,1.0,35
single,log-loss,40,maxherding_pairs,0.014592209788434956,0.6215162658481859,1.0,35
single,log-loss,40,mc_dropout_mutual_information,-0.031780428410325426,0.034139224560931325,0.9217590631451458,35
single,log-loss,40,mc_dropout_mutual_information_lf,-0.019793095389154247,0.2011792931589298,1.0,35
single,log-loss,40,mc_dropout_probability_variance,-0.03230492165308082,0.03000700700795278,0.8401961962226778,35
single,log-loss,40,mc_dropout_probability_variance_lf,-0.021053105080885773,0.06997089827200398,1.0,35
single,log-loss,40,probcover_pairs,0.009468514566858249,0.7037710931617767,1.0,35
single,log-loss,40,typiclust_pairs,0.007847486674469724,0.8145777874160558,1.0,35
single,log-loss,40,uncertainty,-0.038389454588395856,0.004266680451110005,0.12800041353330016,35
single,log-loss,40,uncertainty_all_heads,-0.04171818805977145,0.0007301834993995726,0.023365871980786324,35
single,log-loss,40,uncertainty_diversity,-0.028031857905592355,0.057869382842909545,1.0,35
single,log-loss,40,uncertainty_diversity_lf,-0.02339094706368811,0.10729203431401402,1.0,35
single,log-loss,40,uncertainty_lf,-0.04171818805977145,0.0007301834993995726,0.023365871980786324,35
single,log-loss,60,badge_pairs,-0.03951252533027561,0.1683733132085763,1.0,35
single,log-loss,60,bald_decisive,0.008654659761285216,0.49106516473693773,1.0,35
single,log-loss,60,cluster_margin_pairwise,-0.02002245932420131,0.40358865744201466,1.0,35
single,log-loss,60,cluster_margin_pairwise_lf,-0.0035962699005333536,0.33407549653202295,1.0,35
single,log-loss,60,cluster_quota_uncertainty,-0.03986871792147375,0.04751871415646747,0.9503742831293494,35
single,log-loss,60,cluster_quota_uncertainty_lf,-0.05487679167836191,0.013024709420278668,0.31259302608668804,35
single,log-loss,60,core_set,-4.9734682535640394e-05,0.8020407048752531,1.0,35
single,log-loss,60,core_set_relation,-0.014106213495273433,0.8271613295655698,1.0,35
single,log-loss,60,delta_gap,0.0009647370297945181,0.9806487238383852,1.0,35
single,log-loss,60,delta_ucb,0.015747646967357226,0.36783619777997956,1.0,35
single,log-loss,60,dpp_pairs,-0.04779330641166964,0.005648916761856526,0.14687183580826968,35
single,log-loss,60,dropquery_pairs,-0.012144920924573617,0.7771179727860726,1.0,35
single,log-loss,60,ensemble_bald,-0.07174126018195316,0.001522789301816374,0.04416088975267485,35
single,log-loss,60,ensemble_bald_decisive,-0.08049238272941633,0.0011733303545042872,0.03519991063512862,35
single,log-loss,60,fass_pairs,-0.031018291511049283,0.20706038223579526,1.0,35
single,log-loss,60,fisher_dopt,-0.05293297218076192,0.014366292743943632,0.33042473311070353,35
single,log-loss,60,graph_facility_location,-0.07286700399720815,0.003803181985858828,0.10648909560404718,35
single,log-loss,60,graphcut_pairs,-0.038716084789280854,0.08103993412805721,1.0,35
single,log-loss,60,image_coverage_uncertainty,-0.07537671448689527,0.000960259698331356,0.029768050648272038,35
single,log-loss,60,laplace_bald,-0.014103172649914987,0.6215162658481859,1.0,35
single,log-loss,60,maxherding_pairs,0.011166193395624028,0.5875575871323235,1.0,35
single,log-loss,60,mc_dropout_mutual_information,-0.05594119238224672,0.018247927422635257,0.3832064758753404,35
single,log-loss,60,mc_dropout_mutual_information_lf,-0.03642528660585084,0.2449025081587024,1.0,35
single,log-loss,60,mc_dropout_probability_variance,-0.059675217339752305,0.004516516288276762,0.12194593978347257,35
single,log-loss,60,mc_dropout_probability_variance_lf,0.0009302057833965784,0.56539438420441,1.0,35
single,log-loss,60,probcover_pairs,0.017101599693651947,0.189775186823681,1.0,35
single,log-loss,60,typiclust_pairs,-0.020542016336919763,0.4808812339906581,1.0,35
single,log-loss,60,uncertainty,-0.04671376143371183,0.010661332285962999,0.26653330714907497,35
single,log-loss,60,uncertainty_all_heads,-0.04703345098036692,0.11867389117833227,1.0,35
single,log-loss,60,uncertainty_diversity,-0.07338758921954346,0.0008973573567345738,0.028715435415506363,35
single,log-loss,60,uncertainty_diversity_lf,-0.058877181873122665,0.017407259438186884,0.38295970764011145,35
single,log-loss,60,uncertainty_lf,-0.04703345098036692,0.11867389117833227,1.0,35
single,AUC,10,badge_pairs,-0.0003509871929118161,0.9419905297108926,1.0,35
single,AUC,10,bald_decisive,0.002688947042807507,0.7401566408807412,1.0,35
single,AUC,10,cluster_margin_pairwise,-0.00447712311770873,0.9291296252049506,1.0,35
single,AUC,10,cluster_margin_pairwise_lf,-0.013430709090677236,0.08401264401618391,1.0,35
single,AUC,10,cluster_quota_uncertainty,-0.006203239919390101,0.19007630719391733,1.0,35
single,AUC,10,cluster_quota_uncertainty_lf,-0.008431861144395498,0.33407549653202295,1.0,35
single,AUC,10,core_set,-0.011071728897712026,0.08707057620631531,1.0,35
single,AUC,10,core_set_relation,-0.005634888083919501,0.7771179727860726,1.0,35
single,AUC,10,delta_gap,-0.008731657862763692,0.043826959445141256,1.0,35
single,AUC,10,delta_ucb,-0.011780511240422667,0.06740146887023002,1.0,35
single,AUC,10,dpp_pairs,-0.010288186413200513,0.08103993412805721,1.0,35
single,AUC,10,dropquery_pairs,-0.007098251223033526,0.0902152419439517,1.0,35
single,AUC,10,ensemble_bald,-0.00011530311442802572,0.8020407048752531,1.0,35
single,AUC,10,ensemble_bald_decisive,0.0010325791440218422,0.5875575871323235,1.0,35
single,AUC,10,fass_pairs,-0.007350527087742585,0.07815092743840069,1.0,35
single,AUC,10,fisher_dopt,0.00020639375757261253,0.9034651150577702,1.0,35
single,AUC,10,graph_facility_location,-0.0013009550664091357,0.9291296252049506,1.0,35
single,AUC,10,graphcut_pairs,0.0011019388906413376,0.40358865744201466,1.0,35
single,AUC,10,image_coverage_uncertainty,-0.013314663028044764,0.004266680451110005,0.11520037217997015,35
single,AUC,10,laplace_bald,-0.0034738667176437525,0.4128334259730764,1.0,35
single,AUC,10,maxherding_pairs,-0.002702891130301409,0.4708104995661415,1.0,35
single,AUC,10,mc_dropout_mutual_information,-0.013350759231341646,0.14879127545282245,1.0,35
single,AUC,10,mc_dropout_mutual_information_lf,-0.018778510204167192,0.0010980300139635801,0.030744840390980244,35
single,AUC,10,mc_dropout_probability_variance,-0.01163419071118063,0.07815092743840069,1.0,35
single,AUC,10,mc_dropout_probability_variance_lf,-0.0256597800743351,9.18380101211369e-05,0.00266330229351297,35
single,AUC,10,probcover_pairs,-0.005917168241993446,0.4808812339906581,1.0,35
single,AUC,10,typiclust_pairs,-0.0007771645338715296,0.6446060668677092,1.0,35
single,AUC,10,uncertainty,-0.01342852588226311,0.02196432405617088,0.5710724254604429,35
single,AUC,10,uncertainty_all_heads,-0.019967804471123698,1.7739308532327414e-05,0.0005676578730344772,35
single,AUC,10,uncertainty_diversity,-0.007152688808878233,0.5117668841849081,1.0,35
single,AUC,10,uncertainty_diversity_lf,-0.020109536904298352,3.79671691916883e-05,0.001139015075750649,35
single,AUC,10,uncertainty_lf,-0.019967804471123698,1.7739308532327414e-05,0.0005676578730344772,35
single,AUC,20,badge_pairs,0.00257031377853635,0.7158310085069388,1.0,35
single,AUC,20,bald_decisive,0.0011438840128857716,0.8651600206503645,1.0,35
single,AUC,20,cluster_margin_pairwise,-0.006462655687882205,0.23828783858334646,1.0,35
single,AUC,20,cluster_margin_pairwise_lf,-0.009985191336480643,0.062489338393788785,1.0,35
single,AUC,20,cluster_quota_uncertainty,-0.009394665314581009,0.04945776046952233,1.0,35
single,AUC,20,cluster_quota_uncertainty_lf,-0.006915701500738766,0.07261793391080573,1.0,35
single,AUC,20,core_set,-0.0046564126113773,0.9291296252049506,1.0,35
single,AUC,20,core_set_relation,-0.0021067326016426086,0.9291296252049506,1.0,35
single,AUC,20,delta_gap,-0.013305992772073552,0.031248531379785914,0.7499647531148619,35
single,AUC,20,delta_ucb,-0.00634349542637068,0.34269355580431626,1.0,35
single,AUC,20,dpp_pairs,-0.011020321289997977,0.03714848880190402,0.8544152424437925,35
single,AUC,20,dropquery_pairs,-0.019112556011892316,0.005648916761856526,0.15816966933198273,35
single,AUC,20,ensemble_bald,0.0009163651762075231,0.7524168539675884,1.0,35
single,AUC,20,ensemble_bald_decisive,-0.003064996813011096,0.27985057671321556,1.0,35
single,AUC,20,fass_pairs,-0.004703410415237319,0.3100773994810879,1.0,35
single,AUC,20,fisher_dopt,-0.005301517372822108,0.342327308608219,1.0,35
single,AUC,20,graph_facility_location,-0.002605914021401201,0.6753150747875152,1.0,35
single,AUC,20,graphcut_pairs,0.0009387786084955004,0.691783364105504,1.0,35
single,AUC,20,image_coverage_uncertainty,-0.013858363218305083,0.007775744736951524,0.20994510789769116,35
single,AUC,20,laplace_bald,0.0009350838932508955,0.5764270159997977,1.0,35
single,AUC,20,maxherding_pairs,-0.0004070599551261608,0.6562793096527457,1.0,35
single,AUC,20,mc_dropout_mutual_information,-0.013788590415873722,0.11098843696527183,1.0,35
single,AUC,20,mc_dropout_mutual_information_lf,-0.02569293392168682,3.15406359732151e-05,0.0010093003511428833,35
single,AUC,20,mc_dropout_probability_variance,-0.014061415427227941,0.09677079727407545,1.0,35
single,AUC,20,mc_dropout_probability_variance_lf,-0.026021976994751988,0.00013924611266702414,0.0040381372673437,35
single,AUC,20,probcover_pairs,-0.002322887864062552,0.6446060668677092,1.0,35
single,AUC,20,typiclust_pairs,0.007704959625130822,0.1954178527230397,1.0,35
single,AUC,20,uncertainty,-0.012640425984368044,0.009886949491126883,0.24717373727817207,35
single,AUC,20,uncertainty_all_heads,-0.022289311622642225,9.993941057473421e-05,0.0030981217278167605,35
single,AUC,20,uncertainty_diversity,-0.004852740366931247,0.679870450810995,1.0,35
single,AUC,20,uncertainty_diversity_lf,-0.014445937108371379,0.009140860347542912,0.2376623690361157,35
single,AUC,20,uncertainty_lf,-0.022289311622642225,9.993941057473421e-05,0.0030981217278167605,35
single,AUC,40,badge_pairs,0.006882915102488358,0.2449025081587024,1.0,35
single,AUC,40,bald_decisive,0.010441558053705337,0.11478191410424188,1.0,35
single,AUC,40,cluster_margin_pairwise,-0.0027369781455671358,0.6446060668677092,1.0,35
single,AUC,40,cluster_margin_pairwise_lf,-0.004279388950354388,0.9419905297108926,1.0,35
single,AUC,40,cluster_quota_uncertainty,-0.006905694204423859,0.27985057671321556,1.0,35
single,AUC,40,cluster_quota_uncertainty_lf,-0.004614808101840654,0.4316853189957328,1.0,35
single,AUC,40,core_set,0.007659268382417017,0.11478191410424188,1.0,35
single,AUC,40,core_set_relation,0.002317151046131587,0.2701465087269428,1.0,35
single,AUC,40,delta_gap,-0.010923527799340992,0.11098843696527183,1.0,35
single,AUC,40,delta_ucb,-0.003437240971090759,0.5987840640591457,1.0,35
single,AUC,40,dpp_pairs,-0.004655441232480517,0.7158310085069388,1.0,35
single,AUC,40,dropquery_pairs,-0.00678427224807193,0.56539438420441,1.0,35
single,AUC,40,ensemble_bald,0.0019163880271380687,0.9677533526555635,1.0,35
single,AUC,40,ensemble_bald_decisive,0.0009916178175562753,0.5875575871323235,1.0,35
single,AUC,40,fass_pairs,0.0022065892951915397,0.850825617501749,1.0,35
single,AUC,40,fisher_dopt,-0.0036918823070232927,0.20706038223579526,1.0,35
single,AUC,40,graph_facility_location,-0.003854839240825249,0.1583592604729347,1.0,35
single,AUC,40,graphcut_pairs,0.002229078275741563,0.8271613295655698,1.0,35
single,AUC,40,image_coverage_uncertainty,-0.008146008076987421,0.3259497779654339,1.0,35
single,AUC,40,laplace_bald,0.005149233441081367,0.5013608777662739,1.0,35
single,AUC,40,maxherding_pairs,0.004185469212061881,0.679870450810995,1.0,35
single,AUC,40,mc_dropout_mutual_information,-0.015260565235535213,0.0066541380365379155,0.19962414109613746,35
single,AUC,40,mc_dropout_mutual_information_lf,-0.008892421437301557,0.1954178527230397,1.0,35
single,AUC,40,mc_dropout_probability_variance,-0.010821793145473659,0.06608077136249058,1.0,35
single,AUC,40,mc_dropout_probability_variance_lf,-0.011542979592169954,0.03133530303603038,0.8773884850088507,35
single,AUC,40,probcover_pairs,0.002914903696006608,0.6330176034243777,1.0,35
single,AUC,40,typiclust_pairs,0.0045902435557465095,0.8020407048752531,1.0,35
single,AUC,40,uncertainty,-0.010657797630392993,0.014665596842449693,0.4253023084310411,35
single,AUC,40,uncertainty_all_heads,-0.02114393793224173,0.0006810200284235179,0.021792640909552574,35
single,AUC,40,uncertainty_diversity,-0.005729497914576233,0.3765889282221906,1.0,35
single,AUC,40,uncertainty_diversity_lf,-0.008812476117572403,0.034139224560931325,0.9217590631451458,35
single,AUC,40,uncertainty_lf,-0.02114393793224173,0.0006810200284235179,0.021792640909552574,35
single,AUC,60,badge_pairs,-0.0014777169160128199,0.6260806935438181,1.0,35
single,AUC,60,bald_decisive,0.007837410109228189,0.130954785796348,1.0,35
single,AUC,60,cluster_margin_pairwise,-0.003811346910941766,0.679870450810995,1.0,35
single,AUC,60,cluster_margin_pairwise_lf,-0.004216708710598747,0.33407549653202295,1.0,35
single,AUC,60,cluster_quota_uncertainty,-0.008678280441567909,0.16330995067255571,1.0,35
single,AUC,60,cluster_quota_uncertainty_lf,-0.021755110685364124,0.004266680451110005,0.12800041353330016,35
single,AUC,60,core_set,-0.0029456288450250214,0.9419905297108926,1.0,35
single,AUC,60,core_set_relation,-0.006695952467324649,0.30597056931804334,1.0,35
single,AUC,60,delta_gap,-0.003756533474035389,0.7401566408807412,1.0,35
single,AUC,60,delta_ucb,-0.0014667936437487666,0.8651600206503645,1.0,35
single,AUC,60,dpp_pairs,-0.00949071441327577,0.02196432405617088,0.549108101404272,35
single,AUC,60,dropquery_pairs,-0.005844666234500293,0.4316853189957328,1.0,35
single,AUC,60,ensemble_bald,-0.006933546897977735,0.1226657732622698,1.0,35
single,AUC,60,ensemble_bald_decisive,-0.00636032398180862,0.08707057620631531,1.0,35
single,AUC,60,fass_pairs,-0.0041376659166413535,0.2688950612473874,1.0,35
single,AUC,60,fisher_dopt,-0.007017154449729457,0.2516415869467892,1.0,35
single,AUC,60,graph_facility_location,-0.014138550896541442,0.017407259438186884,0.452588745392859,35
single,AUC,60,graphcut_pairs,-0.009877170007596203,0.2254295740276575,1.0,35
single,AUC,60,image_coverage_uncertainty,-0.017533460194932533,0.002088225621264428,0.06682321988046169,35
single,AUC,60,laplace_bald,0.0004925593228174588,0.7279604331706651,1.0,35
single,AUC,60,maxherding_pairs,0.0016717131364525318,0.8709775682360371,1.0,35
single,AUC,60,mc_dropout_mutual_information,-0.014435283438372304,0.05531523601241782,1.0,35
single,AUC,60,mc_dropout_mutual_information_lf,-0.012345804850597651,0.023798939815493667,0.5516988798044622,35
single,AUC,60,mc_dropout_probability_variance,-0.016975120296059142,0.008677628939040005,0.24297361029312015,35
single,AUC,60,mc_dropout_probability_variance_lf,-0.0018830244865912337,0.5436307483469136,1.0,35
single,AUC,60,probcover_pairs,0.0017077158444057186,0.6215162658481859,1.0,35
single,AUC,60,typiclust_pairs,-0.006112420377666734,0.31723979237390443,1.0,35
single,AUC,60,uncertainty,-0.011722745661257167,0.007087577116451484,0.20553973637709305,35
single,AUC,60,uncertainty_all_heads,-0.01870563214755673,0.022987453325185925,0.5516988798044622,35
single,AUC,60,uncertainty_diversity,-0.015895633765841813,0.0035885178949683905,0.1112440547440201,35
single,AUC,60,uncertainty_diversity_lf,-0.01744785984405381,0.009140860347542912,0.24680322938365862,35
single,AUC,60,uncertainty_lf,-0.01870563214755673,0.022987453325185925,0.5516988798044622,35
