strategy,round,budget_before,labeled_pairs,candidate_remaining,train_loss,train_pairwise_accuracy,test_accuracy,test_by_class,selected_pair_ids,revealed_preference_rows,selected_clusters,cluster_coverage,utilities,final
random,0,0,70,100,0.39025481749828284,0.6853932584269663,0.26666666666666666,"{""(1 x 1)"": {""correct"": 1, ""total"": 8, ""accuracy"": 0.125}, ""c(6 x 2)"": {""correct"": 0, ""total"": 8, ""accuracy"": 0.0}, ""(\u221a13 x \u221a13)"": {""correct"": 3, ""total"": 8, ""accuracy"": 0.375}, ""HTR"": {""correct"": 4, ""total"": 6, ""accuracy"": 0.6666666666666666}}","[""Trajectories/2022-02-04/230_RR220204A_695C_1902.bmp || Trajectories/2022-02-06/074_RR220206A_430C_1809.bmp"", ""Trajectories/2022-02-06/104_RR220206A_734C_1847.bmp || Trajectories/2022-02-06/207_RR220206A_875C_2114.bmp""]","{""Trajectories/2022-02-04/230_RR220204A_695C_1902.bmp || Trajectories/2022-02-06/074_RR220206A_430C_1809.bmp"": 2, ""Trajectories/2022-02-06/104_RR220206A_734C_1847.bmp || Trajectories/2022-02-06/207_RR220206A_875C_2114.bmp"": 2}","[14, 9]",2,"[{""candidate_pair_id"": ""Trajectories/2022-02-04/230_RR220204A_695C_1902.bmp || Trajectories/2022-02-06/074_RR220206A_430C_1809.bmp"", ""baseline_accuracy"": 0.26666666666666666, ""augmented_accuracy"": 0.16666666666666666, ""delta_accuracy"": -0.1, ""by_class_delta"": {""(1 x 1)"": 0.125, ""c(6 x 2)"": 0.0, ""(\u221a13 x \u221a13)"": 0.0, ""HTR"": -0.6666666666666666}, ""cache_hit"": true}, {""candidate_pair_id"": ""Trajectories/2022-02-06/104_RR220206A_734C_1847.bmp || Trajectories/2022-02-06/207_RR220206A_875C_2114.bmp"", ""baseline_accuracy"": 0.26666666666666666, ""augmented_accuracy"": 0.3, ""delta_accuracy"": 0.033333333333333326, ""by_class_delta"": {""(1 x 1)"": 0.125, ""c(6 x 2)"": 0.0, ""(\u221a13 x \u221a13)"": 0.0, ""HTR"": 0.0}, ""cache_hit"": true}]",
random,1,2,72,98,0.38552993505928257,0.7933579335793358,0.3,"{""(1 x 1)"": {""correct"": 1, ""total"": 8, ""accuracy"": 0.125}, ""c(6 x 2)"": {""correct"": 1, ""total"": 8, ""accuracy"": 0.125}, ""(\u221a13 x \u221a13)"": {""correct"": 3, ""total"": 8, ""accuracy"": 0.375}, ""HTR"": {""correct"": 4, ""total"": 6, ""accuracy"": 0.6666666666666666}}","[""Trajectories/2022-02-06/090_RR220206A_568C_1828.bmp || Trajectories/2022-04-11/149_RR220411A_676C_1619.bmp"", ""Trajectories/2022-04-11/111_RR220411A_536C_1546.bmp || Trajectories/2022-04-11/175_RR220411A_765C_1645.bmp""]","{""Trajectories/2022-02-06/090_RR220206A_568C_1828.bmp || Trajectories/2022-04-11/149_RR220411A_676C_1619.bmp"": 5, ""Trajectories/2022-04-11/111_RR220411A_536C_1546.bmp || Trajectories/2022-04-11/175_RR220411A_765C_1645.bmp"": 4}","[4, 9]",2,"[{""candidate_pair_id"": ""Trajectories/2022-02-06/090_RR220206A_568C_1828.bmp || Trajectories/2022-04-11/149_RR220411A_676C_1619.bmp"", ""baseline_accuracy"": 0.3, ""augmented_accuracy"": 0.3333333333333333, ""delta_accuracy"": 0.033333333333333326, ""by_class_delta"": {""(1 x 1)"": 0.125, ""c(6 x 2)"": -0.125, ""(\u221a13 x \u221a13)"": 0.125, ""HTR"": 0.0}, ""cache_hit"": false}, {""candidate_pair_id"": ""Trajectories/2022-04-11/111_RR220411A_536C_1546.bmp || Trajectories/2022-04-11/175_RR220411A_765C_1645.bmp"", ""baseline_accuracy"": 0.3, ""augmented_accuracy"": 0.36666666666666664, ""delta_accuracy"": 0.06666666666666665, ""by_class_delta"": {""(1 x 1)"": 0.0, ""c(6 x 2)"": -0.125, ""(\u221a13 x \u221a13)"": 0.125, ""HTR"": 0.33333333333333337}, ""cache_hit"": false}]",
random,2,4,74,96,0.37083506854878373,0.7392857142857143,0.5666666666666667,"{""(1 x 1)"": {""correct"": 7, ""total"": 8, ""accuracy"": 0.875}, ""c(6 x 2)"": {""correct"": 2, ""total"": 8, ""accuracy"": 0.25}, ""(\u221a13 x \u221a13)"": {""correct"": 4, ""total"": 8, ""accuracy"": 0.5}, ""HTR"": {""correct"": 4, ""total"": 6, ""accuracy"": 0.6666666666666666}}","[""Trajectories/2022-02-06/049_RR220206A_205C_1737.bmp || Trajectories/2022-04-11/356_RR220411A_685C_1925.bmp"", ""Trajectories/2022-02-04/139_RR220204A_470C_1758.bmp || Trajectories/2022-04-11/372_RR220411A_636C_1935.bmp""]","{""Trajectories/2022-02-06/049_RR220206A_205C_1737.bmp || Trajectories/2022-04-11/356_RR220411A_685C_1925.bmp"": 5, ""Trajectories/2022-02-04/139_RR220204A_470C_1758.bmp || Trajectories/2022-04-11/372_RR220411A_636C_1935.bmp"": 5}","[17, 17]",1,"[{""candidate_pair_id"": ""Trajectories/2022-02-06/049_RR220206A_205C_1737.bmp || Trajectories/2022-04-11/356_RR220411A_685C_1925.bmp"", ""baseline_accuracy"": 0.5666666666666667, ""augmented_accuracy"": 0.5, ""delta_accuracy"": -0.06666666666666665, ""by_class_delta"": {""(1 x 1)"": -0.75, ""c(6 x 2)"": 0.75, ""(\u221a13 x \u221a13)"": -0.125, ""HTR"": -0.16666666666666663}, ""cache_hit"": false}, {""candidate_pair_id"": ""Trajectories/2022-02-04/139_RR220204A_470C_1758.bmp || Trajectories/2022-04-11/372_RR220411A_636C_1935.bmp"", ""baseline_accuracy"": 0.5666666666666667, ""augmented_accuracy"": 0.5333333333333333, ""delta_accuracy"": -0.033333333333333326, ""by_class_delta"": {""(1 x 1)"": -0.5, ""c(6 x 2)"": 0.0, ""(\u221a13 x \u221a13)"": 0.375, ""HTR"": 0.0}, ""cache_hit"": false}]",
random,3,6,76,94,0.36986901983018283,0.7689655172413793,0.43333333333333335,"{""(1 x 1)"": {""correct"": 1, ""total"": 8, ""accuracy"": 0.125}, ""c(6 x 2)"": {""correct"": 2, ""total"": 8, ""accuracy"": 0.25}, ""(\u221a13 x \u221a13)"": {""correct"": 4, ""total"": 8, ""accuracy"": 0.5}, ""HTR"": {""correct"": 6, ""total"": 6, ""accuracy"": 1.0}}","[""Trajectories/2022-02-04/170_RR220204A_536C_1818.bmp || Trajectories/2022-02-06/230_RR220206A_767C_2143.bmp"", ""Trajectories/2022-04-11/343_RR220411A_722C_1918.bmp || Trajectories/2022-04-11/374_RR220411A_625C_1937.bmp""]","{""Trajectories/2022-02-04/170_RR220204A_536C_1818.bmp || Trajectories/2022-02-06/230_RR220206A_767C_2143.bmp"": 5, ""Trajectories/2022-04-11/343_RR220411A_722C_1918.bmp || Trajectories/2022-04-11/374_RR220411A_625C_1937.bmp"": 5}","[12, 6]",2,"[{""candidate_pair_id"": ""Trajectories/2022-02-04/170_RR220204A_536C_1818.bmp || Trajectories/2022-02-06/230_RR220206A_767C_2143.bmp"", ""baseline_accuracy"": 0.43333333333333335, ""augmented_accuracy"": 0.5333333333333333, ""delta_accuracy"": 0.09999999999999998, ""by_class_delta"": {""(1 x 1)"": 0.0, ""c(6 x 2)"": 0.5, ""(\u221a13 x \u221a13)"": 0.375, ""HTR"": -0.6666666666666667}, ""cache_hit"": false}, {""candidate_pair_id"": ""Trajectories/2022-04-11/343_RR220411A_722C_1918.bmp || Trajectories/2022-04-11/374_RR220411A_625C_1937.bmp"", ""baseline_accuracy"": 0.43333333333333335, ""augmented_accuracy"": 0.7, ""delta_accuracy"": 0.2666666666666666, ""by_class_delta"": {""(1 x 1)"": 0.125, ""c(6 x 2)"": 0.625, ""(\u221a13 x \u221a13)"": 0.5, ""HTR"": -0.33333333333333337}, ""cache_hit"": false}]",
random,4,8,78,92,0.37782644510566576,0.8,0.43333333333333335,"{""(1 x 1)"": {""correct"": 2, ""total"": 8, ""accuracy"": 0.25}, ""c(6 x 2)"": {""correct"": 0, ""total"": 8, ""accuracy"": 0.0}, ""(\u221a13 x \u221a13)"": {""correct"": 7, ""total"": 8, ""accuracy"": 0.875}, ""HTR"": {""correct"": 4, ""total"": 6, ""accuracy"": 0.6666666666666666}}","[""Trajectories/2022-04-11/323_RR220411A_816C_1903.bmp || Trajectories/2022-04-11/366_RR220411A_654C_1930.bmp"", ""Trajectories/2022-02-06/273_RR220206A_423C_2243.bmp || Trajectories/2022-04-11/093_RR220411A_482C_1531.bmp""]","{""Trajectories/2022-04-11/323_RR220411A_816C_1903.bmp || Trajectories/2022-04-11/366_RR220411A_654C_1930.bmp"": 5, ""Trajectories/2022-02-06/273_RR220206A_423C_2243.bmp || Trajectories/2022-04-11/093_RR220411A_482C_1531.bmp"": 5}","[5, 11]",2,"[{""candidate_pair_id"": ""Trajectories/2022-04-11/323_RR220411A_816C_1903.bmp || Trajectories/2022-04-11/366_RR220411A_654C_1930.bmp"", ""baseline_accuracy"": 0.43333333333333335, ""augmented_accuracy"": 0.4, ""delta_accuracy"": -0.033333333333333326, ""by_class_delta"": {""(1 x 1)"": -0.125, ""c(6 x 2)"": 0.125, ""(\u221a13 x \u221a13)"": -0.375, ""HTR"": 0.33333333333333337}, ""cache_hit"": false}, {""candidate_pair_id"": ""Trajectories/2022-02-06/273_RR220206A_423C_2243.bmp || Trajectories/2022-04-11/093_RR220411A_482C_1531.bmp"", ""baseline_accuracy"": 0.43333333333333335, ""augmented_accuracy"": 0.43333333333333335, ""delta_accuracy"": 0.0, ""by_class_delta"": {""(1 x 1)"": 0.0, ""c(6 x 2)"": 0.0, ""(\u221a13 x \u221a13)"": -0.25, ""HTR"": 0.33333333333333337}, ""cache_hit"": false}]",
random,5,10,80,90,0.37349940160502404,0.9387096774193548,0.6333333333333333,"{""(1 x 1)"": {""correct"": 2, ""total"": 8, ""accuracy"": 0.25}, ""c(6 x 2)"": {""correct"": 6, ""total"": 8, ""accuracy"": 0.75}, ""(\u221a13 x \u221a13)"": {""correct"": 7, ""total"": 8, ""accuracy"": 0.875}, ""HTR"": {""correct"": 4, ""total"": 6, ""accuracy"": 0.6666666666666666}}",[],,[],0,[],True
uncertainty,0,0,70,100,0.39025481749828284,0.6853932584269663,0.26666666666666666,"{""(1 x 1)"": {""correct"": 1, ""total"": 8, ""accuracy"": 0.125}, ""c(6 x 2)"": {""correct"": 0, ""total"": 8, ""accuracy"": 0.0}, ""(\u221a13 x \u221a13)"": {""correct"": 3, ""total"": 8, ""accuracy"": 0.375}, ""HTR"": {""correct"": 4, ""total"": 6, ""accuracy"": 0.6666666666666666}}","[""Trajectories/2022-02-04/160_RR220204A_501C_1809-02.bmp || Trajectories/2022-02-04/161_RR220204A_504C_1810.bmp"", ""Trajectories/2022-02-04/076_RR220204A_299C_1713.bmp || Trajectories/2022-02-04/080_RR220204A_301C_1718.bmp""]","{""Trajectories/2022-02-04/160_RR220204A_501C_1809-02.bmp || Trajectories/2022-02-04/161_RR220204A_504C_1810.bmp"": 1, ""Trajectories/2022-02-04/076_RR220204A_299C_1713.bmp || Trajectories/2022-02-04/080_RR220204A_301C_1718.bmp"": 1}","[6, 6]",1,"[{""candidate_pair_id"": ""Trajectories/2022-02-04/160_RR220204A_501C_1809-02.bmp || Trajectories/2022-02-04/161_RR220204A_504C_1810.bmp"", ""baseline_accuracy"": 0.26666666666666666, ""augmented_accuracy"": 0.3333333333333333, ""delta_accuracy"": 0.06666666666666665, ""by_class_delta"": {""(1 x 1)"": 0.125, ""c(6 x 2)"": 0.25, ""(\u221a13 x \u221a13)"": -0.375, ""HTR"": 0.33333333333333337}, ""cache_hit"": false}, {""candidate_pair_id"": ""Trajectories/2022-02-04/076_RR220204A_299C_1713.bmp || Trajectories/2022-02-04/080_RR220204A_301C_1718.bmp"", ""baseline_accuracy"": 0.26666666666666666, ""augmented_accuracy"": 0.4666666666666667, ""delta_accuracy"": 0.2, ""by_class_delta"": {""(1 x 1)"": 0.125, ""c(6 x 2)"": 0.625, ""(\u221a13 x \u221a13)"": 0.0, ""HTR"": 0.0}, ""cache_hit"": false}]",
uncertainty,1,2,72,98,0.3799386572172833,0.7509293680297398,0.16666666666666666,"{""(1 x 1)"": {""correct"": 2, ""total"": 8, ""accuracy"": 0.25}, ""c(6 x 2)"": {""correct"": 0, ""total"": 8, ""accuracy"": 0.0}, ""(\u221a13 x \u221a13)"": {""correct"": 3, ""total"": 8, ""accuracy"": 0.375}, ""HTR"": {""correct"": 0, ""total"": 6, ""accuracy"": 0.0}}","[""Trajectories/2022-02-04/085_RR220204A_378C_1720.bmp || Trajectories/2022-02-04/134_RR220204A_467C_1754-02.bmp"", ""Trajectories/2022-04-11/246_RR220411A_915C_1741.bmp || Trajectories/2022-04-11/258_RR220411A_932C_1751.bmp""]","{""Trajectories/2022-02-04/085_RR220204A_378C_1720.bmp || Trajectories/2022-02-04/134_RR220204A_467C_1754-02.bmp"": 1, ""Trajectories/2022-04-11/246_RR220411A_915C_1741.bmp || Trajectories/2022-04-11/258_RR220411A_932C_1751.bmp"": 1}","[8, 8]",1,"[{""candidate_pair_id"": ""Trajectories/2022-02-04/085_RR220204A_378C_1720.bmp || Trajectories/2022-02-04/134_RR220204A_467C_1754-02.bmp"", ""baseline_accuracy"": 0.16666666666666666, ""augmented_accuracy"": 0.5, ""delta_accuracy"": 0.33333333333333337, ""by_class_delta"": {""(1 x 1)"": 0.75, ""c(6 x 2)"": 0.0, ""(\u221a13 x \u221a13)"": 0.0, ""HTR"": 0.6666666666666666}, ""cache_hit"": false}, {""candidate_pair_id"": ""Trajectories/2022-04-11/246_RR220411A_915C_1741.bmp || Trajectories/2022-04-11/258_RR220411A_932C_1751.bmp"", ""baseline_accuracy"": 0.16666666666666666, ""augmented_accuracy"": 0.5, ""delta_accuracy"": 0.33333333333333337, ""by_class_delta"": {""(1 x 1)"": 0.75, ""c(6 x 2)"": 0.0, ""(\u221a13 x \u221a13)"": 0.0, ""HTR"": 0.6666666666666666}, ""cache_hit"": false}]",
uncertainty,2,4,74,96,0.38606340883109214,0.6863468634686347,0.4666666666666667,"{""(1 x 1)"": {""correct"": 6, ""total"": 8, ""accuracy"": 0.75}, ""c(6 x 2)"": {""correct"": 0, ""total"": 8, ""accuracy"": 0.0}, ""(\u221a13 x \u221a13)"": {""correct"": 4, ""total"": 8, ""accuracy"": 0.5}, ""HTR"": {""correct"": 4, ""total"": 6, ""accuracy"": 0.6666666666666666}}","[""Trajectories/2022-04-11/343_RR220411A_722C_1918.bmp || Trajectories/2022-04-11/374_RR220411A_625C_1937.bmp"", ""Trajectories/2022-04-11/183_RR220411A_794C_1655.bmp || Trajectories/2022-04-11/226_RR220411A_873C_1725.bmp""]","{""Trajectories/2022-04-11/343_RR220411A_722C_1918.bmp || Trajectories/2022-04-11/374_RR220411A_625C_1937.bmp"": 5, ""Trajectories/2022-04-11/183_RR220411A_794C_1655.bmp || Trajectories/2022-04-11/226_RR220411A_873C_1725.bmp"": 5}","[4, 2]",2,"[{""candidate_pair_id"": ""Trajectories/2022-04-11/343_RR220411A_722C_1918.bmp || Trajectories/2022-04-11/374_RR220411A_625C_1937.bmp"", ""baseline_accuracy"": 0.4666666666666667, ""augmented_accuracy"": 0.3333333333333333, ""delta_accuracy"": -0.13333333333333336, ""by_class_delta"": {""(1 x 1)"": -0.5, ""c(6 x 2)"": 0.0, ""(\u221a13 x \u221a13)"": 0.0, ""HTR"": 0.0}, ""cache_hit"": false}, {""candidate_pair_id"": ""Trajectories/2022-04-11/183_RR220411A_794C_1655.bmp || Trajectories/2022-04-11/226_RR220411A_873C_1725.bmp"", ""baseline_accuracy"": 0.4666666666666667, ""augmented_accuracy"": 0.5333333333333333, ""delta_accuracy"": 0.06666666666666665, ""by_class_delta"": {""(1 x 1)"": 0.25, ""c(6 x 2)"": 0.0, ""(\u221a13 x \u221a13)"": 0.0, ""HTR"": 0.0}, ""cache_hit"": false}]",
uncertainty,3,6,76,94,0.3830595241732805,0.7722419928825622,0.4,"{""(1 x 1)"": {""correct"": 0, ""total"": 8, ""accuracy"": 0.0}, ""c(6 x 2)"": {""correct"": 2, ""total"": 8, ""accuracy"": 0.25}, ""(\u221a13 x \u221a13)"": {""correct"": 7, ""total"": 8, ""accuracy"": 0.875}, ""HTR"": {""correct"": 3, ""total"": 6, ""accuracy"": 0.5}}","[""Trajectories/2022-02-04/221_RR220204A_666C_1854.bmp || Trajectories/2022-02-04/339_RR220204A_938C_2110.bmp"", ""Trajectories/2022-04-11/397_RR220411A_528C_1948.bmp || Trajectories/2022-04-11/443_RR220411A_303C_2007.bmp""]","{""Trajectories/2022-02-04/221_RR220204A_666C_1854.bmp || Trajectories/2022-02-04/339_RR220204A_938C_2110.bmp"": 1, ""Trajectories/2022-04-11/397_RR220411A_528C_1948.bmp || Trajectories/2022-04-11/443_RR220411A_303C_2007.bmp"": 1}","[4, 13]",2,"[{""candidate_pair_id"": ""Trajectories/2022-02-04/221_RR220204A_666C_1854.bmp || Trajectories/2022-02-04/339_RR220204A_938C_2110.bmp"", ""baseline_accuracy"": 0.4, ""augmented_accuracy"": 0.5, ""delta_accuracy"": 0.09999999999999998, ""by_class_delta"": {""(1 x 1)"": 0.125, ""c(6 x 2)"": 0.375, ""(\u221a13 x \u221a13)"": -0.25, ""HTR"": 0.16666666666666663}, ""cache_hit"": false}, {""candidate_pair_id"": ""Trajectories/2022-04-11/397_RR220411A_528C_1948.bmp || Trajectories/2022-04-11/443_RR220411A_303C_2007.bmp"", ""baseline_accuracy"": 0.4, ""augmented_accuracy"": 0.36666666666666664, ""delta_accuracy"": -0.03333333333333338, ""by_class_delta"": {""(1 x 1)"": 0.125, ""c(6 x 2)"": 0.5, ""(\u221a13 x \u221a13)"": -0.375, ""HTR"": -0.5}, ""cache_hit"": false}]",
uncertainty,4,8,78,92,0.37931791988844926,0.6784452296819788,0.4666666666666667,"{""(1 x 1)"": {""correct"": 4, ""total"": 8, ""accuracy"": 0.5}, ""c(6 x 2)"": {""correct"": 7, ""total"": 8, ""accuracy"": 0.875}, ""(\u221a13 x \u221a13)"": {""correct"": 1, ""total"": 8, ""accuracy"": 0.125}, ""HTR"": {""correct"": 2, ""total"": 6, ""accuracy"": 0.3333333333333333}}","[""Trajectories/2022-04-11/138_RR220411A_635C_1610.bmp || Trajectories/2022-04-11/186_RR220411A_805C_1658.bmp"", ""Trajectories/2022-04-11/111_RR220411A_536C_1546.bmp || Trajectories/2022-04-11/175_RR220411A_765C_1645.bmp""]","{""Trajectories/2022-04-11/138_RR220411A_635C_1610.bmp || Trajectories/2022-04-11/186_RR220411A_805C_1658.bmp"": 5, ""Trajectories/2022-04-11/111_RR220411A_536C_1546.bmp || Trajectories/2022-04-11/175_RR220411A_765C_1645.bmp"": 4}","[14, 14]",1,"[{""candidate_pair_id"": ""Trajectories/2022-04-11/138_RR220411A_635C_1610.bmp || Trajectories/2022-04-11/186_RR220411A_805C_1658.bmp"", ""baseline_accuracy"": 0.4666666666666667, ""augmented_accuracy"": 0.3333333333333333, ""delta_accuracy"": -0.13333333333333336, ""by_class_delta"": {""(1 x 1)"": -0.5, ""c(6 x 2)"": 0.0, ""(\u221a13 x \u221a13)"": 0.0, ""HTR"": 0.0}, ""cache_hit"": false}, {""candidate_pair_id"": ""Trajectories/2022-04-11/111_RR220411A_536C_1546.bmp || Trajectories/2022-04-11/175_RR220411A_765C_1645.bmp"", ""baseline_accuracy"": 0.4666666666666667, ""augmented_accuracy"": 0.2, ""delta_accuracy"": -0.26666666666666666, ""by_class_delta"": {""(1 x 1)"": -0.5, ""c(6 x 2)"": -0.875, ""(\u221a13 x \u221a13)"": 0.375, ""HTR"": 0.0}, ""cache_hit"": false}]",
uncertainty,5,10,80,90,0.37505269424839704,0.863013698630137,0.6333333333333333,"{""(1 x 1)"": {""correct"": 2, ""total"": 8, ""accuracy"": 0.25}, ""c(6 x 2)"": {""correct"": 7, ""total"": 8, ""accuracy"": 0.875}, ""(\u221a13 x \u221a13)"": {""correct"": 4, ""total"": 8, ""accuracy"": 0.5}, ""HTR"": {""correct"": 6, ""total"": 6, ""accuracy"": 1.0}}",[],,[],0,[],True
cluster_diverse,0,0,70,100,0.39025481749828284,0.6853932584269663,0.26666666666666666,"{""(1 x 1)"": {""correct"": 1, ""total"": 8, ""accuracy"": 0.125}, ""c(6 x 2)"": {""correct"": 0, ""total"": 8, ""accuracy"": 0.0}, ""(\u221a13 x \u221a13)"": {""correct"": 3, ""total"": 8, ""accuracy"": 0.375}, ""HTR"": {""correct"": 4, ""total"": 6, ""accuracy"": 0.6666666666666666}}","[""Trajectories/2022-04-11/343_RR220411A_722C_1918.bmp || Trajectories/2022-04-11/374_RR220411A_625C_1937.bmp"", ""Trajectories/2022-02-04/152_RR220204A_488C_1805-02.bmp || Trajectories/2022-04-11/173_RR220411A_755C_1643.bmp""]","{""Trajectories/2022-04-11/343_RR220411A_722C_1918.bmp || Trajectories/2022-04-11/374_RR220411A_625C_1937.bmp"": 5, ""Trajectories/2022-02-04/152_RR220204A_488C_1805-02.bmp || Trajectories/2022-04-11/173_RR220411A_755C_1643.bmp"": 5}","[0, 1]",2,"[{""candidate_pair_id"": ""Trajectories/2022-04-11/343_RR220411A_722C_1918.bmp || Trajectories/2022-04-11/374_RR220411A_625C_1937.bmp"", ""baseline_accuracy"": 0.26666666666666666, ""augmented_accuracy"": 0.23333333333333334, ""delta_accuracy"": -0.033333333333333326, ""by_class_delta"": {""(1 x 1)"": 0.125, ""c(6 x 2)"": 0.0, ""(\u221a13 x \u221a13)"": -0.25, ""HTR"": 0.0}, ""cache_hit"": false}, {""candidate_pair_id"": ""Trajectories/2022-02-04/152_RR220204A_488C_1805-02.bmp || Trajectories/2022-04-11/173_RR220411A_755C_1643.bmp"", ""baseline_accuracy"": 0.26666666666666666, ""augmented_accuracy"": 0.3, ""delta_accuracy"": 0.033333333333333326, ""by_class_delta"": {""(1 x 1)"": 0.125, ""c(6 x 2)"": 0.0, ""(\u221a13 x \u221a13)"": 0.0, ""HTR"": 0.0}, ""cache_hit"": false}]",
cluster_diverse,1,2,72,98,0.3697453595753516,0.7545126353790613,0.5333333333333333,"{""(1 x 1)"": {""correct"": 5, ""total"": 8, ""accuracy"": 0.625}, ""c(6 x 2)"": {""correct"": 0, ""total"": 8, ""accuracy"": 0.0}, ""(\u221a13 x \u221a13)"": {""correct"": 7, ""total"": 8, ""accuracy"": 0.875}, ""HTR"": {""correct"": 4, ""total"": 6, ""accuracy"": 0.6666666666666666}}","[""Trajectories/2022-02-06/273_RR220206A_423C_2243.bmp || Trajectories/2022-04-11/379_RR220411A_614C_1940.bmp"", ""Trajectories/2022-04-11/246_RR220411A_915C_1741.bmp || Trajectories/2022-04-11/258_RR220411A_932C_1751.bmp""]","{""Trajectories/2022-02-06/273_RR220206A_423C_2243.bmp || Trajectories/2022-04-11/379_RR220411A_614C_1940.bmp"": 2, ""Trajectories/2022-04-11/246_RR220411A_915C_1741.bmp || Trajectories/2022-04-11/258_RR220411A_932C_1751.bmp"": 1}","[0, 1]",2,"[{""candidate_pair_id"": ""Trajectories/2022-02-06/273_RR220206A_423C_2243.bmp || Trajectories/2022-04-11/379_RR220411A_614C_1940.bmp"", ""baseline_accuracy"": 0.5333333333333333, ""augmented_accuracy"": 0.6666666666666666, ""delta_accuracy"": 0.1333333333333333, ""by_class_delta"": {""(1 x 1)"": 0.0, ""c(6 x 2)"": 1.0, ""(\u221a13 x \u221a13)"": -0.375, ""HTR"": -0.16666666666666663}, ""cache_hit"": false}, {""candidate_pair_id"": ""Trajectories/2022-04-11/246_RR220411A_915C_1741.bmp || Trajectories/2022-04-11/258_RR220411A_932C_1751.bmp"", ""baseline_accuracy"": 0.5333333333333333, ""augmented_accuracy"": 0.5333333333333333, ""delta_accuracy"": 0.0, ""by_class_delta"": {""(1 x 1)"": 0.125, ""c(6 x 2)"": 0.25, ""(\u221a13 x \u221a13)"": -0.375, ""HTR"": 0.0}, ""cache_hit"": false}]",
cluster_diverse,2,4,74,96,0.36916660567538606,0.6964285714285714,0.43333333333333335,"{""(1 x 1)"": {""correct"": 0, ""total"": 8, ""accuracy"": 0.0}, ""c(6 x 2)"": {""correct"": 7, ""total"": 8, ""accuracy"": 0.875}, ""(\u221a13 x \u221a13)"": {""correct"": 4, ""total"": 8, ""accuracy"": 0.5}, ""HTR"": {""correct"": 2, ""total"": 6, ""accuracy"": 0.3333333333333333}}","[""Trajectories/2022-02-06/234_RR220206A_738C_2148.bmp || Trajectories/2022-04-11/375_RR220411A_617C_1938.bmp"", ""Trajectories/2022-02-04/024_RR220204A_927C_0130.bmp || Trajectories/2022-02-04/261_RR220204A_790C_1930.bmp""]","{""Trajectories/2022-02-06/234_RR220206A_738C_2148.bmp || Trajectories/2022-04-11/375_RR220411A_617C_1938.bmp"": 5, ""Trajectories/2022-02-04/024_RR220204A_927C_0130.bmp || Trajectories/2022-02-04/261_RR220204A_790C_1930.bmp"": 4}","[0, 1]",2,"[{""candidate_pair_id"": ""Trajectories/2022-02-06/234_RR220206A_738C_2148.bmp || Trajectories/2022-04-11/375_RR220411A_617C_1938.bmp"", ""baseline_accuracy"": 0.43333333333333335, ""augmented_accuracy"": 0.4666666666666667, ""delta_accuracy"": 0.033333333333333326, ""by_class_delta"": {""(1 x 1)"": 0.0, ""c(6 x 2)"": 0.125, ""(\u221a13 x \u221a13)"": -0.125, ""HTR"": 0.16666666666666669}, ""cache_hit"": false}, {""candidate_pair_id"": ""Trajectories/2022-02-04/024_RR220204A_927C_0130.bmp || Trajectories/2022-02-04/261_RR220204A_790C_1930.bmp"", ""baseline_accuracy"": 0.43333333333333335, ""augmented_accuracy"": 0.5, ""delta_accuracy"": 0.06666666666666665, ""by_class_delta"": {""(1 x 1)"": 0.125, ""c(6 x 2)"": 0.0, ""(\u221a13 x \u221a13)"": 0.0, ""HTR"": 0.16666666666666669}, ""cache_hit"": false}]",
cluster_diverse,3,6,76,94,0.3790961722253307,0.889273356401384,0.4,"{""(1 x 1)"": {""correct"": 2, ""total"": 8, ""accuracy"": 0.25}, ""c(6 x 2)"": {""correct"": 0, ""total"": 8, ""accuracy"": 0.0}, ""(\u221a13 x \u221a13)"": {""correct"": 4, ""total"": 8, ""accuracy"": 0.5}, ""HTR"": {""correct"": 6, ""total"": 6, ""accuracy"": 1.0}}","[""Trajectories/2022-02-04/253_RR220204A_782C_1923.bmp || Trajectories/2022-02-06/262_RR220206A_540C_2228.bmp"", ""Trajectories/2022-02-04/160_RR220204A_501C_1809-02.bmp || Trajectories/2022-02-04/161_RR220204A_504C_1810.bmp""]","{""Trajectories/2022-02-04/253_RR220204A_782C_1923.bmp || Trajectories/2022-02-06/262_RR220206A_540C_2228.bmp"": 5, ""Trajectories/2022-02-04/160_RR220204A_501C_1809-02.bmp || Trajectories/2022-02-04/161_RR220204A_504C_1810.bmp"": 1}","[0, 1]",2,"[{""candidate_pair_id"": ""Trajectories/2022-02-04/253_RR220204A_782C_1923.bmp || Trajectories/2022-02-06/262_RR220206A_540C_2228.bmp"", ""baseline_accuracy"": 0.4, ""augmented_accuracy"": 0.5, ""delta_accuracy"": 0.09999999999999998, ""by_class_delta"": {""(1 x 1)"": 0.75, ""c(6 x 2)"": 0.0, ""(\u221a13 x \u221a13)"": 0.0, ""HTR"": -0.5}, ""cache_hit"": false}, {""candidate_pair_id"": ""Trajectories/2022-02-04/160_RR220204A_501C_1809-02.bmp || Trajectories/2022-02-04/161_RR220204A_504C_1810.bmp"", ""baseline_accuracy"": 0.4, ""augmented_accuracy"": 0.6333333333333333, ""delta_accuracy"": 0.23333333333333328, ""by_class_delta"": {""(1 x 1)"": -0.125, ""c(6 x 2)"": 0.875, ""(\u221a13 x \u221a13)"": 0.375, ""HTR"": -0.33333333333333337}, ""cache_hit"": false}]",
cluster_diverse,4,8,78,92,0.36522783915701473,0.9355932203389831,0.6333333333333333,"{""(1 x 1)"": {""correct"": 2, ""total"": 8, ""accuracy"": 0.25}, ""c(6 x 2)"": {""correct"": 7, ""total"": 8, ""accuracy"": 0.875}, ""(\u221a13 x \u221a13)"": {""correct"": 4, ""total"": 8, ""accuracy"": 0.5}, ""HTR"": {""correct"": 6, ""total"": 6, ""accuracy"": 1.0}}","[""Trajectories/2022-02-06/037_RR220206A_165C_1722.bmp || Trajectories/2022-04-11/219_RR220411A_865C_1720.bmp"", ""Trajectories/2022-02-04/076_RR220204A_299C_1713.bmp || Trajectories/2022-02-04/080_RR220204A_301C_1718.bmp""]","{""Trajectories/2022-02-06/037_RR220206A_165C_1722.bmp || Trajectories/2022-04-11/219_RR220411A_865C_1720.bmp"": 5, ""Trajectories/2022-02-04/076_RR220204A_299C_1713.bmp || Trajectories/2022-02-04/080_RR220204A_301C_1718.bmp"": 1}","[0, 1]",2,"[{""candidate_pair_id"": ""Trajectories/2022-02-06/037_RR220206A_165C_1722.bmp || Trajectories/2022-04-11/219_RR220411A_865C_1720.bmp"", ""baseline_accuracy"": 0.6333333333333333, ""augmented_accuracy"": 0.3333333333333333, ""delta_accuracy"": -0.3, ""by_class_delta"": {""(1 x 1)"": -0.25, ""c(6 x 2)"": -0.625, ""(\u221a13 x \u221a13)"": 0.0, ""HTR"": -0.33333333333333337}, ""cache_hit"": false}, {""candidate_pair_id"": ""Trajectories/2022-02-04/076_RR220204A_299C_1713.bmp || Trajectories/2022-02-04/080_RR220204A_301C_1718.bmp"", ""baseline_accuracy"": 0.6333333333333333, ""augmented_accuracy"": 0.5333333333333333, ""delta_accuracy"": -0.09999999999999998, ""by_class_delta"": {""(1 x 1)"": 0.0, ""c(6 x 2)"": -0.125, ""(\u221a13 x \u221a13)"": 0.0, ""HTR"": -0.33333333333333337}, ""cache_hit"": false}]",
cluster_diverse,5,10,80,90,0.3601013185542973,0.8338870431893688,0.5,"{""(1 x 1)"": {""correct"": 2, ""total"": 8, ""accuracy"": 0.25}, ""c(6 x 2)"": {""correct"": 7, ""total"": 8, ""accuracy"": 0.875}, ""(\u221a13 x \u221a13)"": {""correct"": 0, ""total"": 8, ""accuracy"": 0.0}, ""HTR"": {""correct"": 6, ""total"": 6, ""accuracy"": 1.0}}",[],,[],0,[],True
